,earliest division time (frame),earliest division {hours},centroid_x,centroid_y,v,rep,condition,labels,id,growth_rate
15,25.0,6.25,149.55442464646228,148.16634625957028,0,1,hypoxia 3.5 days,7,7_0_1,0.2563997833179175
43,28.0,7.0,162.09519157875246,127.13022108282551,0,1,hypoxia 3.5 days,7,7_0_1,0.2563997833179175
60,29.0,7.25,161.6906507099689,160.30257232307684,0,1,hypoxia 3.5 days,7,7_0_1,0.2563997833179175
61,29.0,7.25,240.36570156080103,813.8846446248924,0,1,hypoxia 3.5 days,1,1_0_1,0.3055850883062581
62,29.0,7.25,248.6176377985338,818.6760914726082,0,1,hypoxia 3.5 days,1,1_0_1,0.3055850883062581
64,29.0,7.25,178.6813671988781,116.20761762566956,0,1,hypoxia 3.5 days,7,7_0_1,0.2563997833179175
100,31.0,7.75,435.1184576789253,939.5499276663944,0,1,hypoxia 3.5 days,2,2_0_1,0.2650502901594401
102,31.0,7.75,735.5291384620285,377.5666354863136,0,1,hypoxia 3.5 days,3,3_0_1,0.3218470027831052
105,31.0,7.75,141.46360727079127,170.41609404266566,0,1,hypoxia 3.5 days,7,7_0_1,0.2563997833179175
106,31.0,7.75,817.5161178562768,358.93323107852984,0,1,hypoxia 3.5 days,5,5_0_1,0.25732599510305365
107,31.0,7.75,736.5619073951763,384.1519196425708,0,1,hypoxia 3.5 days,3,3_0_1,0.3218470027831052
108,31.0,7.75,803.6741602962088,352.0122522984959,0,1,hypoxia 3.5 days,5,5_0_1,0.25732599510305365
142,33.0,8.25,710.965861111385,383.1674563239634,0,1,hypoxia 3.5 days,3,3_0_1,0.3218470027831052
254,40.0,10.0,699.8086101671684,388.417927356536,0,1,hypoxia 3.5 days,3,3_0_1,0.3218470027831052
256,40.0,10.0,709.325088913706,392.6839350705012,0,1,hypoxia 3.5 days,3,3_0_1,0.3218470027831052
40,27.0,6.75,589.2641454621211,401.4509730846465,1,1,hypoxia 3.5 days,3,3_1_1,0.2669107104931332
78,30.0,7.5,497.83790911703824,245.7027386029788,1,1,hypoxia 3.5 days,2,2_1_1,0.3030276979146188
79,30.0,7.5,249.0478922585684,280.8289093759621,1,1,hypoxia 3.5 days,10,10_1_1,0.34802927515516124
81,30.0,7.5,604.6366984758962,389.31474702114,1,1,hypoxia 3.5 days,3,3_1_1,0.2669107104931332
137,33.0,8.25,442.0112939161231,688.2704367065777,1,1,hypoxia 3.5 days,1,1_1_1,0.3062211819466652
175,34.0,8.5,450.50665216057774,689.0795184441448,1,1,hypoxia 3.5 days,1,1_1_1,0.3062211819466652
326,50.0,12.5,624.0546601775067,413.1826582793696,1,1,hypoxia 3.5 days,3,3_1_1,0.2669107104931332
347,59.0,14.75,579.9597054800996,397.0010235280274,1,1,hypoxia 3.5 days,3,3_1_1,0.2669107104931332
4,23.0,5.75,88.74139994270048,394.4491103438848,2,1,hypoxia 3.5 days,6,6_2_1,0.2961981012969665
7,23.0,5.75,507.1049350329726,608.9362125731366,2,1,hypoxia 3.5 days,1,1_2_1,0.31077024760076044
69,29.0,7.25,440.4092990040886,625.6101215803576,2,1,hypoxia 3.5 days,1,1_2_1,0.31077024760076044
72,29.0,7.25,520.7472242206989,633.9470760839681,2,1,hypoxia 3.5 days,1,1_2_1,0.31077024760076044
104,31.0,7.75,71.3095859806058,399.7544450280006,2,1,hypoxia 3.5 days,6,6_2_1,0.2961981012969665
169,34.0,8.5,476.7887368380254,606.6624977085156,2,1,hypoxia 3.5 days,1,1_2_1,0.31077024760076044
280,42.0,10.5,474.5150219734043,620.3047868962418,2,1,hypoxia 3.5 days,1,1_2_1,0.31077024760076044
341,57.0,14.25,452.5357782820675,622.578501760863,2,1,hypoxia 3.5 days,1,1_2_1,0.31077024760076044
350,68.0,17.0,437.3776791845939,636.2207909485892,2,1,hypoxia 3.5 days,1,1_2_1,0.31077024760076044
1,21.0,5.25,536.9707339908018,583.5858458466051,3,1,hypoxia 3.5 days,4,4_3_1,0.3004959213189111
2,22.0,5.5,549.4384389115439,581.5910130592864,3,1,hypoxia 3.5 days,4,4_3_1,0.3004959213189111
19,25.0,6.25,496.5753700475972,378.1180687527741,3,1,hypoxia 3.5 days,3,3_3_1,0.2944487713407958
28,27.0,6.75,306.4695138851154,1015.464735836388,3,1,hypoxia 3.5 days,6,6_3_1,0.26465065732289583
31,27.0,6.75,311.4565958534123,998.0099489473488,3,1,hypoxia 3.5 days,6,6_3_1,0.26465065732289583
36,27.0,6.75,559.9113110449674,576.1052228941599,3,1,hypoxia 3.5 days,4,4_3_1,0.3004959213189111
38,27.0,6.75,289.51343519290606,1019.9531096078553,3,1,hypoxia 3.5 days,6,6_3_1,0.26465065732289583
50,28.0,7.0,478.62187496172834,633.4566655295739,3,1,hypoxia 3.5 days,2,2_3_1,0.20796448910783968
53,28.0,7.0,546.9448979273955,560.1465605956099,3,1,hypoxia 3.5 days,4,4_3_1,0.3004959213189111
84,30.0,7.5,492.5857044729596,647.9192032376349,3,1,hypoxia 3.5 days,2,2_3_1,0.20796448910783968
110,31.0,7.75,320.9320515931763,1049.3768932208068,3,1,hypoxia 3.5 days,6,6_3_1,0.26465065732289583
125,32.0,8.0,418.77689134216587,851.3921475441472,3,1,hypoxia 3.5 days,1,1_3_1,0.2764512404706342
170,34.0,8.5,496.0766618507675,373.1309867844772,3,1,hypoxia 3.5 days,3,3_3_1,0.2944487713407958
177,34.0,8.5,478.12316676489866,638.9424556947005,3,1,hypoxia 3.5 days,2,2_3_1,0.20796448910783968
226,37.0,9.25,331.90363192342943,1032.4208145285977,3,1,hypoxia 3.5 days,6,6_3_1,0.26465065732289583
257,40.0,10.0,278.04314666582326,1063.8394309288676,3,1,hypoxia 3.5 days,6,6_3_1,0.26465065732289583
297,44.0,11.0,449.1980913487768,832.441236064619,3,1,hypoxia 3.5 days,1,1_3_1,0.2764512404706342
343,57.0,14.25,300.98372371998886,976.5654964836724,3,1,hypoxia 3.5 days,6,6_3_1,0.26465065732289583
3,22.0,5.5,304.4853125617692,559.4316254158895,4,1,hypoxia 3.5 days,1,1_4_1,0.20064830709715137
9,24.0,6.0,299.56694888677544,527.4622615284298,4,1,hypoxia 3.5 days,1,1_4_1,0.20064830709715137
22,26.0,6.5,858.4031431693353,647.1329727182127,4,1,hypoxia 3.5 days,3,3_4_1,0.2618299369942253
26,27.0,6.75,174.76347063380834,520.0847160159393,4,1,hypoxia 3.5 days,2,2_4_1,0.20014622699397497
71,29.0,7.25,594.0228573480472,407.1991046256529,4,1,hypoxia 3.5 days,4,4_4_1,0.23300943788929068
76,30.0,7.5,208.5772208993905,501.6408522347126,4,1,hypoxia 3.5 days,2,2_4_1,0.20014622699397497
82,30.0,7.5,289.7302215367878,553.2836708221472,4,1,hypoxia 3.5 days,1,1_4_1,0.20064830709715137
113,32.0,8.0,869.2322396740162,637.6164939716749,4,1,hypoxia 3.5 days,3,3_4_1,0.2618299369942253
127,32.0,8.0,866.9351585972656,660.2591502996441,4,1,hypoxia 3.5 days,3,3_4_1,0.2618299369942253
135,33.0,8.25,872.513784069374,673.0571734415398,4,1,hypoxia 3.5 days,3,3_4_1,0.2618299369942253
241,38.0,9.5,849.5429733018691,637.2883395321392,4,1,hypoxia 3.5 days,3,3_4_1,0.2618299369942253
300,44.0,11.0,894.5001315182717,664.8533124531451,4,1,hypoxia 3.5 days,3,3_4_1,0.2618299369942253
353,73.0,18.25,917.7990967253124,675.0261000787544,4,1,hypoxia 3.5 days,3,3_4_1,0.2618299369942253
361,87.0,21.75,614.968601614894,456.571216111792,4,1,hypoxia 3.5 days,4,4_4_1,0.23300943788929068
6,23.0,5.75,417.4240058174139,824.5917831960907,5,1,hypoxia 3.5 days,3,3_5_1,0.25408254593055307
25,26.0,6.5,244.66648173325743,860.8647152991696,5,1,hypoxia 3.5 days,1,1_5_1,0.41029301480281044
32,27.0,6.75,625.8396759263094,405.3012611408027,5,1,hypoxia 3.5 days,5,5_5_1,0.2950796181469303
33,27.0,6.75,270.4878910269748,879.9233745397706,5,1,hypoxia 3.5 days,1,1_5_1,0.41029301480281044
34,27.0,6.75,279.7098229175881,871.9310335679057,5,1,hypoxia 3.5 days,1,1_5_1,0.41029301480281044
35,27.0,6.75,231.2260029532705,130.04849627309824,5,1,hypoxia 3.5 days,8,8_5_1,0.2562433167148827
46,28.0,7.0,616.0029485763218,406.5308520595511,5,1,hypoxia 3.5 days,5,5_5_1,0.2950796181469303
51,28.0,7.0,398.9801420361872,835.6581014648266,5,1,hypoxia 3.5 days,3,3_5_1,0.25408254593055307
85,30.0,7.5,795.0487465706278,575.0776765220091,5,1,hypoxia 3.5 days,7,7_5_1,0.25796344816424555
101,31.0,7.75,237.7092095120564,103.11825364429512,5,1,hypoxia 3.5 days,8,8_5_1,0.2562433167148827
103,31.0,7.75,229.2311701659517,117.58079135235609,5,1,hypoxia 3.5 days,8,8_5_1,0.2562433167148827
109,31.0,7.75,310.4495958862992,602.0358269026221,5,1,hypoxia 3.5 days,2,2_5_1,0.29752138803105777
139,33.0,8.25,785.0716999042329,238.07689619101427,5,1,hypoxia 3.5 days,6,6_5_1,0.2790469674068917
144,33.0,8.25,791.2196544979752,258.3651463503636,5,1,hypoxia 3.5 days,6,6_5_1,0.2790469674068917
146,33.0,8.25,294.46491394256947,618.020508846352,5,1,hypoxia 3.5 days,2,2_5_1,0.29752138803105777
154,33.0,8.25,593.2555165794756,427.43389767827466,5,1,hypoxia 3.5 days,5,5_5_1,0.2950796181469303
161,33.0,8.25,603.7070393888374,424.3599203814035,5,1,hypoxia 3.5 days,5,5_5_1,0.2950796181469303
179,34.0,8.5,253.88841362387083,832.5841241679555,5,1,hypoxia 3.5 days,1,1_5_1,0.41029301480281044
182,35.0,8.75,386.0694373893285,799.9999648211217,5,1,hypoxia 3.5 days,3,3_5_1,0.25408254593055307
183,35.0,8.75,777.0793589323681,213.4850778160454,5,1,hypoxia 3.5 days,6,6_5_1,0.2790469674068917
302,44.0,11.0,795.5232227135948,225.78098700352984,5,1,hypoxia 3.5 days,6,6_5_1,0.2790469674068917
8,24.0,6.0,775.1598914926251,657.217499305217,6,1,hypoxia 3.5 days,3,3_6_1,0.3071801720268661
10,24.0,6.0,484.2198014181833,483.1792837789972,6,1,hypoxia 3.5 days,2,2_6_1,0.2751721189356626
12,24.0,6.0,472.2508046942708,472.207703448744,6,1,hypoxia 3.5 days,2,2_6_1,0.2751721189356626
30,27.0,6.75,461.05577629759085,1058.752045802204,6,1,hypoxia 3.5 days,1,1_6_1,0.30375530347005636
37,27.0,6.75,395.8193281630457,312.90891784638006,6,1,hypoxia 3.5 days,5,5_6_1,0.2773495983188125
39,27.0,6.75,470.3602162796126,1058.3475049334206,6,1,hypoxia 3.5 days,1,1_6_1,0.30375530347005636
57,29.0,7.25,378.4271428676491,296.17304143005504,6,1,hypoxia 3.5 days,5,5_6_1,0.2773495983188125
59,29.0,7.25,993.4798558047094,547.2919761155937,6,1,hypoxia 3.5 days,4,4_6_1,0.2603080336966477
83,30.0,7.5,989.791083048464,559.5878853030781,6,1,hypoxia 3.5 days,4,4_6_1,0.2603080336966477
88,31.0,7.75,457.4149084785389,1027.6023989058706,6,1,hypoxia 3.5 days,1,1_6_1,0.30375530347005636
131,32.0,8.0,379.4116061862565,304.3769024184497,6,1,hypoxia 3.5 days,5,5_6_1,0.2773495983188125
155,33.0,8.25,382.03684170254274,347.03697955810173,6,1,hypoxia 3.5 days,5,5_6_1,0.2773495983188125
331,51.0,12.75,385.6465405374364,326.6914043068831,6,1,hypoxia 3.5 days,5,5_6_1,0.2773495983188125
335,52.0,13.0,392.8659382072236,300.43904914402026,6,1,hypoxia 3.5 days,5,5_6_1,0.2773495983188125
54,29.0,7.25,283.443828846718,488.98835254818897,7,1,hypoxia 3.5 days,1,1_7_1,0.27410604817827117
55,29.0,7.25,816.2886911423509,318.1371017398517,7,1,hypoxia 3.5 days,4,4_7_1,0.25025962916182154
63,29.0,7.25,812.4659095837325,307.94301758353583,7,1,hypoxia 3.5 days,4,4_7_1,0.25025962916182154
74,30.0,7.5,809.9173885446535,319.41136225939124,7,1,hypoxia 3.5 days,4,4_7_1,0.25025962916182154
94,31.0,7.75,278.2755713782093,474.0004058895136,7,1,hypoxia 3.5 days,1,1_7_1,0.27410604817827117
176,34.0,8.5,290.1625635557794,493.6397842698468,7,1,hypoxia 3.5 days,1,1_7_1,0.27410604817827117
242,38.0,9.5,267.4222306943409,491.0556555355925,7,1,hypoxia 3.5 days,1,1_7_1,0.27410604817827117
243,38.0,9.5,541.0484383654949,193.89670594567,7,1,hypoxia 3.5 days,3,3_7_1,0.2968372132933127
283,42.0,10.5,577.2696874359045,892.5538298167522,7,1,hypoxia 3.5 days,10,10_7_1,0.35342212366301856
321,48.0,12.0,528.9429634298699,192.6224454261305,7,1,hypoxia 3.5 days,3,3_7_1,0.2968372132933127
342,57.0,14.25,358.008548864103,678.3235270481471,7,1,hypoxia 3.5 days,2,2_7_1,0.20226096708170066
358,83.0,20.75,258.636192997876,371.6689080130402,7,1,hypoxia 3.5 days,1,1_7_1,0.27410604817827117
13,24.0,6.0,479.0386292667307,1083.348400104921,8,1,hypoxia 3.5 days,1,1_8_1,0.25048507821771093
17,25.0,6.25,784.8547728686697,580.1788942706872,8,1,hypoxia 3.5 days,5,5_8_1,0.24202687933426836
27,27.0,6.75,485.1865838604729,1103.6366502642704,8,1,hypoxia 3.5 days,1,1_8_1,0.25048507821771093
29,27.0,6.75,475.9646519698596,1095.6443092924055,8,1,hypoxia 3.5 days,1,1_8_1,0.25048507821771093
47,28.0,7.0,234.9648318951646,1120.8509231267485,8,1,hypoxia 3.5 days,7,7_8_1,0.2965402638151352
48,28.0,7.0,232.5056500576677,1110.3994003173866,8,1,hypoxia 3.5 days,7,7_8_1,0.2965402638151352
86,30.0,7.5,765.7961136280688,558.0462577332153,8,1,hypoxia 3.5 days,5,5_8_1,0.24202687933426836
96,31.0,7.75,866.0077735060673,420.3320748333895,8,1,hypoxia 3.5 days,6,6_8_1,0.36031189635813327
97,31.0,7.75,502.8982958345047,213.5684916279768,8,1,hypoxia 3.5 days,3,3_8_1,0.3156807981110008
111,32.0,8.0,1046.6765899225638,194.881952312236,8,1,hypoxia 3.5 days,7,7_8_1,0.2965402638151352
126,32.0,8.0,873.385319018558,422.7912566708864,8,1,hypoxia 3.5 days,6,6_8_1,0.36031189635813327
134,32.0,8.0,346.85760550127304,783.9430113896749,8,1,hypoxia 3.5 days,8,8_8_1,0.28073677727160196
157,33.0,8.25,451.5103127162173,131.34771863871703,8,1,hypoxia 3.5 days,20,20_8_1,0.23331717056255746
159,33.0,8.25,506.63560369765287,55.66723440996651,8,1,hypoxia 3.5 days,2,2_8_1,0.31094452618497936
160,33.0,8.25,501.9639688687176,38.84934902579974,8,1,hypoxia 3.5 days,2,2_8_1,0.31094452618497936
171,34.0,8.5,614.9084257884338,1004.0397858456464,8,1,hypoxia 3.5 days,4,4_8_1,0.23922711745573472
206,36.0,9.0,763.336931790572,570.3421669206997,8,1,hypoxia 3.5 days,5,5_8_1,0.24202687933426836
334,52.0,13.0,792.2323183811603,587.5564397831779,8,1,hypoxia 3.5 days,5,5_8_1,0.24202687933426836
339,56.0,14.0,788.543545624915,562.3498259488348,8,1,hypoxia 3.5 days,5,5_8_1,0.24202687933426836
360,86.0,21.5,1012.1064921884432,148.16560402288383,8,1,hypoxia 3.5 days,7,7_8_1,0.2965402638151352
0,18.0,4.5,740.4151785758654,534.0897907717757,9,1,hypoxia 3.5 days,5,5_9_1,0.3011733017494846
14,25.0,6.25,674.0468044305715,111.9936179646058,9,1,hypoxia 3.5 days,4,4_9_1,0.2983665428766211
16,25.0,6.25,224.83868622890492,315.8649946869006,9,1,hypoxia 3.5 days,1,1_9_1,0.2762363028128624
18,25.0,6.25,661.3768318659091,110.84180227690916,9,1,hypoxia 3.5 days,4,4_9_1,0.2983665428766211
21,26.0,6.5,959.6970949793237,92.41275127376394,9,1,hypoxia 3.5 days,20,20_9_1,0.2614030277289064
23,26.0,6.5,947.0271224146612,86.65367283528099,9,1,hypoxia 3.5 days,20,20_9_1,0.2614030277289064
44,28.0,7.0,653.9970054185644,922.054268976067,9,1,hypoxia 3.5 days,3,3_9_1,0.28652289527292385
49,28.0,7.0,664.1105271381532,933.3814133020064,9,1,hypoxia 3.5 days,3,3_9_1,0.28652289527292385
70,29.0,7.25,723.7412695686445,554.5532245533651,9,1,hypoxia 3.5 days,5,5_9_1,0.3011733017494846
73,29.0,7.25,244.41955291974685,322.77588881308003,9,1,hypoxia 3.5 days,1,1_9_1,0.2762363028128624
80,30.0,7.5,751.7837528989708,528.78445608766,9,1,hypoxia 3.5 days,5,5_9_1,0.3011733017494846
188,35.0,8.75,745.7205132599812,546.9741750046284,9,1,hypoxia 3.5 days,5,5_9_1,0.3011733017494846
325,50.0,12.5,205.25781953806307,365.3930692578536,9,1,hypoxia 3.5 days,1,1_9_1,0.2762363028128624
351,69.0,17.25,656.7695691151227,390.7330143871784,9,1,hypoxia 3.5 days,5,5_9_1,0.3011733017494846
117,32.0,8.0,427.8435396821792,643.5930945454386,10,1,hypoxia 3.5 days,1,1_10_1,0.3017174694714601
120,32.0,8.0,475.22081838099945,929.8515995256788,10,1,hypoxia 3.5 days,6,6_10_1,0.25192084585476043
143,33.0,8.25,471.7298610031917,948.8025110052072,10,1,hypoxia 3.5 days,6,6_10_1,0.25192084585476043
145,33.0,8.25,466.2440708380652,920.8748519827446,10,1,hypoxia 3.5 days,6,6_10_1,0.25192084585476043
163,34.0,8.5,481.2053167429557,973.7379208466914,10,1,hypoxia 3.5 days,6,6_10_1,0.25192084585476043
165,34.0,8.5,425.34999869803073,639.1047207739714,10,1,hypoxia 3.5 days,1,1_10_1,0.3017174694714601
168,34.0,8.5,662.2363617533995,802.6810093341089,10,1,hypoxia 3.5 days,7,7_10_1,0.2735973828094031
178,34.0,8.5,666.7247355248667,825.6215863882744,10,1,hypoxia 3.5 days,7,7_10_1,0.2735973828094031
209,36.0,9.0,582.6930788830833,280.7093956385489,10,1,hypoxia 3.5 days,5,5_10_1,0.30486476532795603
232,37.0,9.25,429.3396642726682,618.6576847039541,10,1,hypoxia 3.5 days,1,1_10_1,0.3017174694714601
245,39.0,9.75,681.6859814297572,800.1874683499605,10,1,hypoxia 3.5 days,7,7_10_1,0.2735973828094031
279,42.0,10.5,779.432788008376,713.4122421015948,10,1,hypoxia 3.5 days,4,4_10_1,0.25344594652560504
284,42.0,10.5,776.4405388273979,723.8851142350182,10,1,hypoxia 3.5 days,4,4_10_1,0.25344594652560504
287,42.0,10.5,485.6936905144229,971.2443798625428,10,1,hypoxia 3.5 days,6,6_10_1,0.25192084585476043
312,46.0,11.5,500.6549364193136,899.4303995190681,10,1,hypoxia 3.5 days,6,6_10_1,0.25192084585476043
313,46.0,11.5,804.3681978498603,737.3502355494198,10,1,hypoxia 3.5 days,4,4_10_1,0.25344594652560504
317,47.0,11.75,484.6962741207636,918.880019195426,10,1,hypoxia 3.5 days,6,6_10_1,0.25192084585476043
330,51.0,12.75,590.7557886969594,270.34305444927975,10,1,hypoxia 3.5 days,5,5_10_1,0.30486476532795603
332,51.0,12.75,506.6394347812698,888.9575273856447,10,1,hypoxia 3.5 days,6,6_10_1,0.25192084585476043
24,26.0,6.5,366.3204489469826,423.59347112264817,11,1,hypoxia 5 days,4,4_11_1,0.25496359275833475
192,35.0,8.75,375.5423808375959,433.4301984726357,11,1,hypoxia 5 days,4,4_11_1,0.25496359275833475
194,35.0,8.75,701.575544894609,664.4731917060665,11,1,hypoxia 5 days,6,6_11_1,0.2773151916125511
225,37.0,9.25,293.7745847408244,558.8484721849769,11,1,hypoxia 5 days,3,3_11_1,0.2515423344511013
275,41.0,10.25,706.025494451228,673.3730908193047,11,1,hypoxia 5 days,6,6_11_1,0.2773151916125511
66,29.0,7.25,276.9893667308377,765.416648882921,12,1,hypoxia 5 days,1,1_12_1,0.27596025570746274
189,35.0,8.75,804.545376099222,609.0046313726262,12,1,hypoxia 5 days,3,3_12_1,0.28256201641621337
190,35.0,8.75,671.7495568743897,420.8772208041144,12,1,hypoxia 5 days,2,2_12_1,0.2659019717921584
214,36.0,9.0,285.3983094229211,783.1688612328749,12,1,hypoxia 5 days,1,1_12_1,0.27596025570746274
217,36.0,9.0,846.966262796042,616.9969723444912,12,1,hypoxia 5 days,3,3_12_1,0.28256201641621337
295,43.0,10.75,841.4331036616741,631.1372679100983,12,1,hypoxia 5 days,3,3_12_1,0.28256201641621337
348,61.0,15.25,820.5300580429505,637.9000179632147,12,1,hypoxia 5 days,3,3_12_1,0.28256201641621337
65,29.0,7.25,581.1153700843657,639.6666637106637,13,1,hypoxia 5 days,3,3_13_1,0.2828503936403964
67,29.0,7.25,269.5363071320469,1052.9038301064932,13,1,hypoxia 5 days,1,1_13_1,0.2748371039728817
90,31.0,7.75,772.8413996047723,393.3092992102488,13,1,hypoxia 5 days,5,5_13_1,0.3344670610963977
124,32.0,8.0,523.3245969031889,855.4598699510155,13,1,hypoxia 5 days,2,2_13_1,0.2657249464861446
150,33.0,8.25,275.0461238354658,1034.8841602898908,13,1,hypoxia 5 days,1,1_13_1,0.2748371039728817
152,33.0,8.25,797.1248281304204,388.71513705674784,13,1,hypoxia 5 days,5,5_13_1,0.3344670610963977
164,34.0,8.5,271.555166457658,1026.904829140616,13,1,hypoxia 5 days,1,1_13_1,0.2748371039728817
180,35.0,8.75,874.5574587759461,692.3786280383184,13,1,hypoxia 5 days,7,7_13_1,0.31118808908038853
185,35.0,8.75,579.270983706243,618.7636180919401,13,1,hypoxia 5 days,3,3_13_1,0.2828503936403964
196,35.0,8.75,259.58616973374546,1015.9332488103628,13,1,hypoxia 5 days,1,1_13_1,0.2748371039728817
221,37.0,9.25,721.7505585729754,376.45111044084825,13,1,hypoxia 5 days,4,4_13_1,0.2059934358268743
246,39.0,9.75,863.4002078317293,689.4252380824964,13,1,hypoxia 5 days,7,7_13_1,0.31118808908038853
258,40.0,10.0,730.1595012650588,373.64812954348713,13,1,hypoxia 5 days,5,5_13_1,0.3344670610963977
263,40.0,10.0,782.0297239117742,361.4783185752776,13,1,hypoxia 5 days,5,5_13_1,0.3344670610963977
271,41.0,10.25,778.7481795164164,346.71136879616733,13,1,hypoxia 5 days,5,5_13_1,0.3344670610963977
311,46.0,11.5,267.66765320047284,1052.903830106493,13,1,hypoxia 5 days,1,1_13_1,0.2748371039728817
322,49.0,12.25,793.1869748559909,355.8996931031693,13,1,hypoxia 5 days,5,5_13_1,0.3344670610963977
327,50.0,12.5,792.858820416455,438.5946118661872,13,1,hypoxia 5 days,5,5_13_1,0.3344670610963977
329,51.0,12.75,789.905430460633,377.5578861125312,13,1,hypoxia 5 days,5,5_13_1,0.3344670610963977
337,55.0,13.75,488.2812557188582,844.3935516822796,13,1,hypoxia 5 days,2,2_13_1,0.2657249464861446
344,58.0,14.5,864.3846711503367,742.2581028477578,13,1,hypoxia 5 days,7,7_13_1,0.31118808908038853
346,58.0,14.5,563.9010972218874,635.363095495044,13,1,hypoxia 5 days,3,3_13_1,0.2828503936403964
92,31.0,7.75,601.7513429010038,181.5833101574883,14,1,hypoxia 5 days,3,3_14_1,0.3017325769914142
115,32.0,8.0,584.7952642087945,127.22411670305246,14,1,hypoxia 5 days,3,3_14_1,0.3017325769914142
167,34.0,8.5,414.9132118748356,900.3881007150767,14,1,hypoxia 5 days,4,4_14_1,0.31073561823847873
184,35.0,8.75,411.2244391185903,909.61003260569,14,1,hypoxia 5 days,4,4_14_1,0.31073561823847873
186,35.0,8.75,609.2319658534491,158.14402490649303,14,1,hypoxia 5 days,3,3_14_1,0.3017325769914142
187,35.0,8.75,593.7720117517288,139.19311342696494,14,1,hypoxia 5 days,3,3_14_1,0.3017325769914142
197,36.0,9.0,615.2164642154054,181.5833101574883,14,1,hypoxia 5 days,3,3_14_1,0.3017325769914142
240,38.0,9.5,416.7575982529583,939.1202146556526,14,1,hypoxia 5 days,4,4_14_1,0.31073561823847873
261,40.0,10.0,418.60198463108094,944.6533737900209,14,1,hypoxia 5 days,4,4_14_1,0.31073561823847873
286,42.0,10.5,372.4923251780143,903.4620780119478,14,1,hypoxia 5 days,4,4_14_1,0.31073561823847873
308,45.0,11.25,632.1725429076147,128.22153309671182,14,1,hypoxia 5 days,3,3_14_1,0.3017325769914142
316,47.0,11.75,374.9515070155112,910.2248280650643,14,1,hypoxia 5 days,4,4_14_1,0.31073561823847873
75,30.0,7.5,713.0332798792724,329.98697103338435,15,1,hypoxia 5 days,2,2_15_1,0.2985890442391521
93,31.0,7.75,919.1409132269744,1083.927896730759,15,1,hypoxia 5 days,5,5_15_1,0.30778893315306644
172,34.0,8.5,417.4496829686557,613.4518820300036,15,1,hypoxia 5 days,1,1_15_1,0.29460016819211654
260,40.0,10.0,741.9583552953943,328.49084644289525,15,1,hypoxia 5 days,2,2_15_1,0.2985890442391521
274,41.0,10.25,722.0627770943696,780.0214962550167,15,1,hypoxia 5 days,3,3_15_1,0.2826136305968014
278,41.0,10.25,937.5699642301196,1097.7496849831175,15,1,hypoxia 5 days,5,5_15_1,0.30778893315306644
293,43.0,10.75,428.7768272945952,604.956523785549,15,1,hypoxia 5 days,1,1_15_1,0.29460016819211654
320,48.0,12.0,927.2036230408504,1091.9906065446346,15,1,hypoxia 5 days,5,5_15_1,0.30778893315306644
345,58.0,14.5,884.4687890595875,406.83321344132446,15,1,hypoxia 5 days,4,4_15_1,0.2119854434772536
362,90.0,22.5,671.38288683572,766.1997080026576,15,1,hypoxia 5 days,3,3_15_1,0.2826136305968014
20,26.0,6.5,760.995664737415,571.8786715359996,16,1,hypoxia 5 days,5,5_16_1,0.27593205674779436
77,30.0,7.5,458.44141850114,1025.3234647826512,16,1,hypoxia 5 days,6,6_16_1,0.26249504999295314
129,32.0,8.0,228.3153130619283,716.919170025242,16,1,hypoxia 5 days,8,8_16_1,0.28403790352000147
132,32.0,8.0,314.41850052046584,1009.6345584350836,16,1,hypoxia 5 days,9,9_16_1,0.23373405845336404
158,33.0,8.25,193.0018441965761,908.7890175269888,16,1,hypoxia 5 days,1,1_16_1,0.3054950680827716
200,36.0,9.0,746.6610890958833,592.8292051659306,16,1,hypoxia 5 days,5,5_16_1,0.27593205674779436
229,37.0,9.25,540.4637317907733,823.2850750951712,16,1,hypoxia 5 days,7,7_16_1,0.2779627379603365
253,39.0,9.75,176.5222253927451,902.3148815683412,16,1,hypoxia 5 days,1,1_16_1,0.3054950680827716
259,40.0,10.0,221.8411771032804,686.9027214896928,16,1,hypoxia 5 days,8,8_16_1,0.28403790352000147
303,45.0,11.25,224.19540836097053,742.2271560454112,16,1,hypoxia 5 days,8,8_16_1,0.28403790352000147
304,45.0,11.25,910.9573791411314,822.182415430438,16,1,hypoxia 5 days,3,3_16_1,0.2891842047042741
305,45.0,11.25,214.77848333020995,735.7530200867633,16,1,hypoxia 5 days,8,8_16_1,0.28403790352000147
315,47.0,11.75,908.7520598116648,842.0302893956357,16,1,hypoxia 5 days,3,3_16_1,0.2891842047042741
338,56.0,14.0,431.9563168521258,1004.7239412778624,16,1,hypoxia 5 days,6,6_16_1,0.26249504999295314
5,23.0,5.75,809.694363119754,614.4037730519678,17,1,hypoxia 5 days,6,6_17_1,0.22574469414445786
41,27.0,6.75,828.1382269009807,582.4344091645083,17,1,hypoxia 5 days,6,6_17_1,0.22574469414445786
116,32.0,8.0,792.4800902572758,616.8629548894647,17,1,hypoxia 5 days,6,6_17_1,0.22574469414445786
151,33.0,8.25,422.9296996526881,437.6081465444144,17,1,hypoxia 5 days,5,5_17_1,0.2873533193077386
156,33.0,8.25,817.6867040916189,610.7150002957225,17,1,hypoxia 5 days,6,6_17_1,0.22574469414445786
251,39.0,9.75,851.5004543572011,696.7863646081136,17,1,hypoxia 5 days,4,4_17_1,0.2007229434763537
45,28.0,7.0,601.1221298862285,376.886023136526,18,1,hypoxia 5 days,3,3_18_1,0.3435647694344879
99,31.0,7.75,285.5246314573655,774.2624353918465,18,1,hypoxia 5 days,1,1_18_1,0.30216853377317243
118,32.0,8.0,792.3235340438612,1072.5826985052609,18,1,hypoxia 5 days,6,6_18_1,0.27410686630339837
138,33.0,8.25,822.2707419239721,1100.226275009979,18,1,hypoxia 5 days,6,6_18_1,0.27410686630339837
198,36.0,9.0,158.8249058107416,945.8829728586368,18,1,hypoxia 5 days,7,7_18_1,0.2712460399997569
219,37.0,9.25,712.8482515927969,783.476960893419,18,1,hypoxia 5 days,5,5_18_1,0.33620823781449377
233,38.0,9.5,133.4849606814168,947.0347885463336,18,1,hypoxia 5 days,7,7_18_1,0.2712460399997569
244,39.0,9.75,602.2739455739252,63.59215608305601,18,1,hypoxia 5 days,2,2_18_1,0.24247633135002475
247,39.0,9.75,280.9173687065792,766.1997255779703,18,1,hypoxia 5 days,1,1_18_1,0.30216853377317243
249,39.0,9.75,614.9439181385876,397.6187055150645,18,1,hypoxia 5 days,3,3_18_1,0.3435647694344879
265,40.0,10.0,791.1717183561645,1102.5299063853718,18,1,hypoxia 5 days,6,6_18_1,0.27410686630339837
273,41.0,10.25,164.5839842492245,923.998474792402,18,1,hypoxia 5 days,7,7_18_1,0.2712460399997569
301,44.0,11.0,719.7591457189765,784.6287765811156,18,1,hypoxia 5 days,5,5_18_1,0.33620823781449377
319,48.0,12.0,614.9439181385876,32.493132515248305,18,1,hypoxia 5 days,2,2_18_1,0.24247633135002475
336,54.0,13.5,809.6007693593098,1135.932561328573,18,1,hypoxia 5 days,6,6_18_1,0.27410686630339837
122,32.0,8.0,468.6633258011218,1231.5332634073889,19,1,hypoxia 5 days,3,3_19_1,0.276079030685783
123,32.0,8.0,738.2894457638955,718.6840673416784,19,1,hypoxia 5 days,7,7_19_1,0.22628850383928398
136,33.0,8.25,428.3497767317416,507.0411958462396,19,1,hypoxia 5 days,2,2_19_1,0.2661769622738069
141,33.0,8.25,154.21764305995526,674.0544705622439,19,1,hypoxia 5 days,9,9_19_1,0.3096583485985115
149,33.0,8.25,735.2578259444009,695.1890137405943,19,1,hypoxia 5 days,7,7_19_1,0.22628850383928398
153,33.0,8.25,280.4248172035855,419.04024251146114,19,1,hypoxia 5 days,1,1_19_1,0.33754958791959344
195,35.0,8.75,165.73579993692107,671.7508391868507,19,1,hypoxia 5 days,9,9_19_1,0.3096583485985115
199,36.0,9.0,510.1286905581988,535.8365880386541,19,1,hypoxia 5 days,5,5_19_1,0.204949033212137
216,36.0,9.0,727.678776395664,733.842166439152,19,1,hypoxia 5 days,7,7_19_1,0.22628850383928398
222,37.0,9.25,583.6768349696646,746.7265506720047,19,1,hypoxia 5 days,6,6_19_1,0.19374190016376924
223,37.0,9.25,863.736106681049,765.0479098902737,19,1,hypoxia 5 days,20,20_19_1,0.3067412544820272
224,37.0,9.25,481.3332983657843,884.8367414107182,19,1,hypoxia 5 days,4,4_19_1,0.2694132489441764
268,41.0,10.25,636.7301818108223,750.5160754463731,19,1,hypoxia 5 days,6,6_19_1,0.19374190016376924
282,42.0,10.5,596.5612192025172,759.6109349048572,19,1,hypoxia 5 days,6,6_19_1,0.19374190016376924
291,43.0,10.75,473.2705885519081,1213.1042124042438,19,1,hypoxia 5 days,3,3_19_1,0.276079030685783
298,44.0,11.0,305.0166355785544,414.1218788364674,19,1,hypoxia 5 days,1,1_19_1,0.33754958791959344
307,45.0,11.25,307.47581741605126,449.165220020798,19,1,hypoxia 5 days,1,1_19_1,0.33754958791959344
58,29.0,7.25,801.5005459869845,867.6208163830846,20,1,hypoxia 5 days,5,5_20_1,0.24146622737868398
95,31.0,7.75,366.5617565621925,587.7589922972171,20,1,hypoxia 5 days,3,3_20_1,0.41259528043604315
119,32.0,8.0,821.1214122685125,860.1462006567882,20,1,hypoxia 5 days,5,5_20_1,0.24146622737868398
121,32.0,8.0,357.0863008224284,590.7512414781952,20,1,hypoxia 5 days,3,3_20_1,0.41259528043604315
147,33.0,8.25,787.4856415001789,850.8029309989178,20,1,hypoxia 5 days,5,5_20_1,0.24146622737868398
210,36.0,9.0,371.5488385304893,579.7796611479421,20,1,hypoxia 5 days,3,3_20_1,0.41259528043604315
212,36.0,9.0,409.10290705233297,27.61148964962809,20,1,hypoxia 5 days,1,1_20_1,0.24836464440890021
215,36.0,9.0,533.3993196516167,409.5955869059634,20,1,hypoxia 5 days,2,2_20_1,0.39982937592101697
227,37.0,9.25,740.5605608941446,921.6742888023884,20,1,hypoxia 5 days,5,5_20_1,0.24146622737868398
228,37.0,9.25,747.1008496546539,901.1190955550734,20,1,hypoxia 5 days,5,5_20_1,0.24146622737868398
238,38.0,9.5,941.4808315814088,847.3162082965637,20,1,hypoxia 5 days,4,4_20_1,0.3186057269329407
276,41.0,10.25,402.2817624584698,45.80120856659644,20,1,hypoxia 5 days,1,1_20_1,0.24836464440890021
289,43.0,10.75,962.2135139599472,858.8343651735295,20,1,hypoxia 5 days,4,4_20_1,0.3186057269329407
294,43.0,10.75,950.6953570829812,871.5043377381919,20,1,hypoxia 5 days,4,4_20_1,0.3186057269329407
91,31.0,7.75,626.202571854508,718.8328363461723,21,1,hypoxia 5 days,6,6_21_1,0.285105202561249
191,35.0,8.75,837.6922098792404,672.1083814337314,21,1,hypoxia 5 days,4,4_21_1,0.2886362923849251
201,36.0,9.0,444.9825408187738,403.1277825388685,21,1,hypoxia 5 days,5,5_21_1,0.281785222070938
203,36.0,9.0,840.7661871761115,227.6112549251346,21,1,hypoxia 5 days,3,3_21_1,0.33967405013228
230,37.0,9.25,833.3886416636209,657.35329040875,21,1,hypoxia 5 days,4,4_21_1,0.2886362923849251
231,37.0,9.25,413.81914382562127,430.39575490787695,21,1,hypoxia 5 days,5,5_21_1,0.281785222070938
262,40.0,10.0,453.7472462230981,372.9382417017519,21,1,hypoxia 5 days,5,5_21_1,0.281785222070938
266,40.0,10.0,441.08711619462974,376.83366632589593,21,1,hypoxia 5 days,5,5_21_1,0.281785222070938
269,41.0,10.25,851.2177099854733,231.91482314075412,21,1,hypoxia 5 days,3,3_21_1,0.33967405013228
318,47.0,11.75,857.9804600385897,230.0704367626315,21,1,hypoxia 5 days,3,3_21_1,0.33967405013228
323,49.0,12.25,605.9143216951588,718.8328363461723,21,1,hypoxia 5 days,6,6_21_1,0.285105202561249
42,27.0,6.75,594.6952004521579,928.8276618769568,22,1,hypoxia 5 days,3,3_22_1,0.2942855781127195
52,28.0,7.0,456.0800905656752,290.1468243873296,22,1,hypoxia 5 days,1,1_22_1,0.29859027601441285
114,32.0,8.0,607.6405082532316,934.4912340399264,22,1,hypoxia 5 days,3,3_22_1,0.2942855781127195
140,33.0,8.25,302.2841513802836,1087.7749724413795,22,1,hypoxia 5 days,4,4_22_1,0.2745171758744778
208,36.0,9.0,582.2142309469266,595.6717421996927,22,1,hypoxia 5 days,2,2_22_1,0.2945844384489503
236,38.0,9.5,590.62317363901,596.6060691654798,22,1,hypoxia 5 days,2,2_22_1,0.2945844384489503
272,41.0,10.25,492.5188422313699,288.27817045575546,22,1,hypoxia 5 days,1,1_22_1,0.29859027601441285
288,43.0,10.75,595.2948084679454,607.8179927549244,22,1,hypoxia 5 days,2,2_22_1,0.2945844384489503
306,45.0,11.25,312.1208787302712,1078.553040550766,22,1,hypoxia 5 days,4,4_22_1,0.2745171758744778
310,46.0,11.5,607.4410590231769,626.5045320706652,22,1,hypoxia 5 days,2,2_22_1,0.2945844384489503
340,56.0,14.0,292.447424030296,1079.7826314695146,22,1,hypoxia 5 days,4,4_22_1,0.2745171758744778
56,29.0,7.25,916.7196239212636,773.1106021288374,23,1,hypoxia 5 days,3,3_23_1,0.13263008846576224
98,31.0,7.75,793.4753453377294,785.7805746934996,23,1,hypoxia 5 days,5,5_23_1,0.35418054692163736
112,32.0,8.0,890.2278631042423,760.440629564175,23,1,hypoxia 5 days,3,3_23_1,0.13263008846576224
174,34.0,8.5,739.3400124098183,264.0080681669484,23,1,hypoxia 5 days,4,4_23_1,0.2907123904496834
205,36.0,9.0,817.6634747793577,809.9687041351278,23,1,hypoxia 5 days,5,5_23_1,0.35418054692163736
207,36.0,9.0,815.3598434039645,786.9323903811961,23,1,hypoxia 5 days,5,5_23_1,0.35418054692163736
218,37.0,9.25,815.3598434039645,758.1369981887817,23,1,hypoxia 5 days,5,5_23_1,0.35418054692163736
248,39.0,9.75,879.8615219149731,790.3878374442861,23,1,hypoxia 5 days,5,5_23_1,0.35418054692163736
250,39.0,9.75,898.2905729181183,744.3152099364228,23,1,hypoxia 5 days,5,5_23_1,0.35418054692163736
255,40.0,10.0,421.43888260556207,1176.2460928226403,23,1,hypoxia 5 days,1,1_23_1,0.30171584924536615
267,41.0,10.25,431.8052237948313,1157.817041819495,23,1,hypoxia 5 days,1,1_23_1,0.30171584924536615
270,41.0,10.25,829.1816316563235,778.8696805673201,23,1,hypoxia 5 days,5,5_23_1,0.35418054692163736
314,47.0,11.75,787.7162668992466,750.0742883749056,23,1,hypoxia 5 days,5,5_23_1,0.35418054692163736
324,49.0,12.25,355.7853884068569,161.49647196195275,23,1,hypoxia 5 days,6,6_23_1,0.2851677787067465
87,31.0,7.75,245.1963319276692,467.19061755861367,24,1,hypoxia 5 days,2,2_24_1,0.26742538479815225
89,31.0,7.75,829.2520183331793,714.9531970674595,24,1,hypoxia 5 days,3,3_24_1,0.30308318759372743
128,32.0,8.0,804.0454044988362,708.190447014343,24,1,hypoxia 5 days,3,3_24_1,0.30308318759372743
130,32.0,8.0,802.8158135800877,719.8715607424533,24,1,hypoxia 5 days,3,3_24_1,0.30308318759372743
148,33.0,8.25,581.4843730658487,357.1011414006954,24,1,hypoxia 5 days,5,5_24_1,0.27524471025868535
181,35.0,8.75,765.9280860176345,1118.259018416949,24,1,hypoxia 5 days,4,4_24_1,0.29984943904195854
193,35.0,8.75,831.7112001706762,734.6266517674346,24,1,hypoxia 5 days,3,3_24_1,0.30308318759372743
211,36.0,9.0,805.8897908769588,727.2491062549439,24,1,hypoxia 5 days,3,3_24_1,0.30308318759372743
213,36.0,9.0,248.2703092245403,449.9763446961354,24,1,hypoxia 5 days,2,2_24_1,0.26742538479815225
220,37.0,9.25,777.6091997457446,1127.4809503075624,24,1,hypoxia 5 days,4,4_24_1,0.29984943904195854
235,38.0,9.5,264.86978662764426,453.05032199300655,24,1,hypoxia 5 days,2,2_24_1,0.26742538479815225
237,38.0,9.5,229.8264454433136,443.213594643019,24,1,hypoxia 5 days,2,2_24_1,0.26742538479815225
239,38.0,9.5,596.23946409083,359.56032323819227,24,1,hypoxia 5 days,5,5_24_1,0.27524471025868535
264,40.0,10.0,355.8595146150289,282.75197974634705,24,1,hypoxia 5 days,1,1_24_1,0.3182530471391308
277,41.0,10.25,369.3850147212617,272.9152523963595,24,1,hypoxia 5 days,1,1_24_1,0.3182530471391308
281,42.0,10.5,615.2981233314309,402.5960053943878,24,1,hypoxia 5 days,5,5_24_1,0.27524471025868535
285,42.0,10.5,358.93349191190003,271.6856614776111,24,1,hypoxia 5 days,1,1_24_1,0.3182530471391308
292,43.0,10.75,789.905108933229,773.9735611673848,24,1,hypoxia 5 days,3,3_24_1,0.30308318759372743
296,44.0,11.0,621.4460779251732,370.6266415069283,24,1,hypoxia 5 days,5,5_24_1,0.27524471025868535
6,20.0,5.0,101.35152443517684,599.0018868030766,0,2,hypoxia 3.5 days,8,8_0_2,0.26914491441690613
7,20.0,5.0,96.85311562927356,610.2479088178349,0,2,hypoxia 3.5 days,8,8_0_2,0.26914491441690613
8,20.0,5.0,777.6123149226363,948.3783040615648,0,2,hypoxia 3.5 days,6,6_0_2,0.28626177725145374
36,23.0,5.75,617.169067512086,817.9244486903696,0,2,hypoxia 3.5 days,4,4_0_2,0.2864073862900578
43,24.0,6.0,780.6112541265718,934.8830776438548,0,2,hypoxia 3.5 days,6,6_0_2,0.28626177725145374
46,24.0,6.0,428.9856324651322,918.3889120222092,0,2,hypoxia 3.5 days,3,3_0_2,0.25904227795180235
50,24.0,6.0,437.9824500769388,922.1375860271288,0,2,hypoxia 3.5 days,3,3_0_2,0.25904227795180235
53,25.0,6.25,1004.0322248197676,440.058097554449,0,2,hypoxia 3.5 days,7,7_0_2,0.2683032250013956
58,25.0,6.25,272.29105905950144,976.868226498952,0,2,hypoxia 3.5 days,1,1_0_2,0.2736473972081547
85,27.0,6.75,324.21534305442384,20.803627014543046,0,2,hypoxia 3.5 days,2,2_0_2,0.2259252421908237
102,28.0,7.0,581.1817970648598,826.1715315011922,0,2,hypoxia 3.5 days,4,4_0_2,0.2864073862900578
103,28.0,7.0,591.6780842786342,838.1672883169343,0,2,hypoxia 3.5 days,4,4_0_2,0.2864073862900578
118,30.0,7.5,604.4235758953602,832.1694099090632,0,2,hypoxia 3.5 days,4,4_0_2,0.2864073862900578
173,49.0,12.25,329.9123387725467,36.75521502528723,0,2,hypoxia 3.5 days,2,2_0_2,0.2259252421908237
3,19.0,4.75,521.0004593157207,461.0855883658407,1,2,hypoxia 3.5 days,11,11_1_2,0.2396007378508776
11,21.0,5.25,401.47198530872697,291.1808828266812,1,2,hypoxia 3.5 days,9,9_1_2,0.2563108789833991
13,21.0,5.25,686.072872466347,627.6541261069563,1,2,hypoxia 3.5 days,8,8_1_2,0.21939974295359574
21,22.0,5.5,756.8894364161627,859.5534071940281,1,2,hypoxia 3.5 days,5,5_1_2,0.38801498095202736
23,22.0,5.5,779.3313052734986,886.4836498228311,1,2,hypoxia 3.5 days,5,5_1_2,0.38801498095202736
26,22.0,5.5,791.300301997411,884.4888170355123,1,2,hypoxia 3.5 days,5,5_1_2,0.38801498095202736
29,22.0,5.5,531.9720396459738,468.0675031214563,1,2,hypoxia 3.5 days,11,11_1_2,0.2396007378508776
31,22.0,5.5,523.4940002998691,481.5326244358579,1,2,hypoxia 3.5 days,11,11_1_2,0.2396007378508776
32,22.0,5.5,670.1142101677972,636.1321654530609,1,2,hypoxia 3.5 days,8,8_1_2,0.21939974295359574
34,23.0,5.75,747.4139806763985,862.0469481781765,1,2,hypoxia 3.5 days,5,5_1_2,0.38801498095202736
37,23.0,5.75,417.6536200600691,277.83103415682393,1,2,hypoxia 3.5 days,9,9_1_2,0.2563108789833991
40,24.0,6.0,916.4760289629296,1016.6464891953792,1,2,hypoxia 3.5 days,3,3_1_2,0.2862647876415808
52,25.0,6.25,683.080623285369,532.8995687093156,1,2,hypoxia 3.5 days,7,7_1_2,0.23436382583824375
59,25.0,6.25,910.4915306009732,1012.158115423912,1,2,hypoxia 3.5 days,3,3_1_2,0.2862647876415808
71,26.0,6.5,845.6594650131142,829.132207187417,1,2,hypoxia 3.5 days,4,4_1_2,0.229315412658824
72,26.0,6.5,402.2810670462941,256.7949089800792,1,2,hypoxia 3.5 days,9,9_1_2,0.2563108789833991
74,26.0,6.5,574.3622363764972,662.5636998850343,1,2,hypoxia 3.5 days,10,10_1_2,0.23727039068993266
76,26.0,6.5,393.7857088018395,282.6855245822265,1,2,hypoxia 3.5 days,9,9_1_2,0.2563108789833991
81,27.0,6.75,841.6697994384767,826.6386662032685,1,2,hypoxia 3.5 days,4,4_1_2,0.229315412658824
82,27.0,6.75,921.4631109312264,1016.1477809985496,1,2,hypoxia 3.5 days,3,3_1_2,0.2862647876415808
83,27.0,6.75,659.6413380343737,521.9279883790625,1,2,hypoxia 3.5 days,7,7_1_2,0.23436382583824375
97,28.0,7.0,402.6856079150776,261.2448585366983,1,2,hypoxia 3.5 days,9,9_1_2,0.2563108789833991
114,30.0,7.5,488.0857183249613,503.4757850963641,1,2,hypoxia 3.5 days,11,11_1_2,0.2396007378508776
125,31.0,7.75,787.3106364227735,875.0133612957484,1,2,hypoxia 3.5 days,5,5_1_2,0.38801498095202736
129,31.0,7.75,397.83111748967497,247.4904689980575,1,2,hypoxia 3.5 days,9,9_1_2,0.2563108789833991
152,41.0,10.25,947.3959371663702,1013.1555318175716,1,2,hypoxia 3.5 days,3,3_1_2,0.2862647876415808
16,22.0,5.5,954.9999040642676,586.3257278308389,2,2,hypoxia 3.5 days,4,4_2_2,0.2903320772708186
25,22.0,5.5,945.7779721736542,594.932864262078,2,2,hypoxia 3.5 days,4,4_2_2,0.2903320772708186
35,23.0,5.75,991.035620718517,310.80740952505244,2,2,hypoxia 3.5 days,5,5_2_2,0.26850876585994066
44,24.0,6.0,735.9350811415314,224.76169624615085,2,2,hypoxia 3.5 days,3,3_2_2,0.252183259479832
45,24.0,6.0,1018.6005936395228,298.6656952622284,2,2,hypoxia 3.5 days,5,5_2_2,0.26850876585994066
51,25.0,6.25,289.89695418863715,125.40766249913646,2,2,hypoxia 3.5 days,2,2_2_2,0.3186243238246179
73,26.0,6.5,752.0146486787851,189.3210167762861,2,2,hypoxia 3.5 days,3,3_2_2,0.252183259479832
75,26.0,6.5,1005.1462616185556,303.25985741572936,2,2,hypoxia 3.5 days,5,5_2_2,0.26850876585994066
110,29.0,7.25,37.97324455747935,668.8483782280562,2,2,hypoxia 3.5 days,6,6_2_2,0.27913957949835067
112,29.0,7.25,50.26915374496383,670.6927646061788,2,2,hypoxia 3.5 days,6,6_2_2,0.27913957949835067
113,30.0,7.5,295.8814525505934,119.9218723340099,2,2,hypoxia 3.5 days,2,2_2_2,0.3186243238246179
119,30.0,7.5,307.35174107767625,127.9012034832849,2,2,hypoxia 3.5 days,2,2_2_2,0.3186243238246179
120,30.0,7.5,301.36724271571995,125.40766249913646,2,2,hypoxia 3.5 days,2,2_2_2,0.3186243238246179
131,33.0,8.25,724.4496757577792,230.9966305973308,2,2,hypoxia 3.5 days,3,3_2_2,0.252183259479832
135,35.0,8.75,721.4962858019571,208.35397426936163,2,2,hypoxia 3.5 days,3,3_2_2,0.252183259479832
142,38.0,9.5,754.6398841950715,193.2588700507156,2,2,hypoxia 3.5 days,3,3_2_2,0.252183259479832
154,42.0,10.5,733.966154504317,194.57148780885865,2,2,hypoxia 3.5 days,3,3_2_2,0.252183259479832
12,21.0,5.25,396.1714421407501,420.6716544318951,3,2,hypoxia 3.5 days,1,1_3_2,0.2942505411753167
47,24.0,6.0,297.1327837673236,821.4979227545367,3,2,hypoxia 3.5 days,5,5_3_2,0.2927698702644034
60,25.0,6.25,856.8743941288126,890.3509736448348,3,2,hypoxia 3.5 days,3,3_3_2,0.2680678662167172
77,26.0,6.5,866.7271585421705,929.0041263433924,3,2,hypoxia 3.5 days,3,3_3_2,0.2680678662167172
91,28.0,7.0,302.73874556204584,830.8411924124072,3,2,hypoxia 3.5 days,5,5_3_2,0.2927698702644034
93,28.0,7.0,744.8201745066814,704.751813869052,3,2,hypoxia 3.5 days,2,2_3_2,0.2821304572665418
105,29.0,7.25,852.3269412701468,918.3934569751611,3,2,hypoxia 3.5 days,3,3_3_2,0.2680678662167172
109,29.0,7.25,752.7995056559564,721.7078925612614,3,2,hypoxia 3.5 days,2,2_3_2,0.2821304572665418
111,29.0,7.25,406.4490387644076,421.60598139768217,3,2,hypoxia 3.5 days,1,1_3_2,0.2942505411753167
124,31.0,7.75,749.3085482781486,713.2298532151566,3,2,hypoxia 3.5 days,2,2_3_2,0.2821304572665418
127,31.0,7.75,751.3033810654673,737.1678466629817,3,2,hypoxia 3.5 days,2,2_3_2,0.2821304572665418
134,34.0,8.5,778.7323318911002,695.2763581292879,3,2,hypoxia 3.5 days,2,2_3_2,0.2821304572665418
1,18.0,4.5,670.8600550129332,268.434862440927,4,2,hypoxia 3.5 days,6,6_4_2,0.2908816226745692
2,18.0,4.5,211.0909686385714,259.2723110273015,4,2,hypoxia 3.5 days,1,1_4_2,0.33952058814182534
5,19.0,4.75,987.1381658909118,905.4773015496676,4,2,hypoxia 3.5 days,4,4_4_2,0.30279866817700907
9,21.0,5.25,601.1823884232638,1009.222196533365,4,2,hypoxia 3.5 days,7,7_4_2,0.3053516168672449
15,21.0,5.25,134.86379586383185,208.58722755928096,4,2,hypoxia 3.5 days,2,2_4_2,0.21955358903599884
18,22.0,5.5,132.07012984590943,222.5555576488929,4,2,hypoxia 3.5 days,2,2_4_2,0.21955358903599884
20,22.0,5.5,618.4022089132828,1015.1261349870858,4,2,hypoxia 3.5 days,7,7_4_2,0.3053516168672449
24,22.0,5.5,697.7773420160831,636.3044543362349,4,2,hypoxia 3.5 days,8,8_4_2,0.2906254381757424
33,23.0,5.75,587.898526902392,1016.602119600516,4,2,hypoxia 3.5 days,7,7_4_2,0.3053516168672449
41,24.0,6.0,237.4312482361254,270.44697509899106,4,2,hypoxia 3.5 days,1,1_4_2,0.33952058814182534
48,24.0,6.0,657.4014115113582,618.359596334135,4,2,hypoxia 3.5 days,8,8_4_2,0.2906254381757424
54,25.0,6.25,256.9869103615822,258.873215881884,4,2,hypoxia 3.5 days,1,1_4_2,0.33952058814182534
55,25.0,6.25,661.1399235951291,633.3136446692183,4,2,hypoxia 3.5 days,8,8_4_2,0.2906254381757424
57,25.0,6.25,649.9243873438165,622.0981084179058,4,2,hypoxia 3.5 days,8,8_4_2,0.2906254381757424
61,26.0,6.5,984.1473562238951,918.9359450512426,4,2,hypoxia 3.5 days,4,4_4_2,0.30279866817700907
69,26.0,6.5,474.5828689631752,377.7670157997515,4,2,hypoxia 3.5 days,10,10_4_2,0.2921694943454632
86,27.0,6.75,831.6160632060453,1031.0913075643675,4,2,hypoxia 3.5 days,5,5_4_2,0.3055319305907875
87,27.0,6.75,824.1390390385036,1038.568331731909,4,2,hypoxia 3.5 days,5,5_4_2,0.3055319305907875
99,28.0,7.0,231.84391620028063,234.52841201141743,4,2,hypoxia 3.5 days,1,1_4_2,0.33952058814182534
100,28.0,7.0,205.9027317481441,212.57817901345572,4,2,hypoxia 3.5 days,1,1_4_2,0.33952058814182534
104,29.0,7.25,464.2232854529597,383.91801850894194,4,2,hypoxia 3.5 days,10,10_4_2,0.2921694943454632
115,30.0,7.5,607.0863268769846,1017.0941144716594,4,2,hypoxia 3.5 days,7,7_4_2,0.3053516168672449
116,30.0,7.5,193.9298773856196,215.3718450313782,4,2,hypoxia 3.5 days,1,1_4_2,0.33952058814182534
122,31.0,7.75,682.0755912642458,269.1825648576812,4,2,hypoxia 3.5 days,6,6_4_2,0.2908816226745692
133,33.0,8.25,206.3018268935616,246.90036151935948,4,2,hypoxia 3.5 days,1,1_4_2,0.33952058814182534
140,37.0,9.25,679.084781597229,326.0079485309978,4,2,hypoxia 3.5 days,6,6_4_2,0.2908816226745692
145,39.0,9.75,364.7992812896876,925.744902231092,4,2,hypoxia 3.5 days,9,9_4_2,0.2613808022524283
159,46.0,11.5,228.2520598915233,274.03883140774843,4,2,hypoxia 3.5 days,1,1_4_2,0.33952058814182534
162,47.0,11.75,703.7589613501166,268.434862440927,4,2,hypoxia 3.5 days,6,6_4_2,0.2908816226745692
191,56.0,14.0,716.4699024349374,309.5584953624061,4,2,hypoxia 3.5 days,6,6_4_2,0.2908816226745692
0,18.0,4.5,862.5842909933524,890.5958022738884,5,2,hypoxia 3.5 days,5,5_5_2,0.2596743518774961
4,19.0,4.75,673.6865182111131,721.278896182491,5,2,hypoxia 3.5 days,4,4_5_2,0.29965889141461216
49,24.0,6.0,655.2911460774726,711.4350927753119,5,2,hypoxia 3.5 days,4,4_5_2,0.29965889141461216
63,26.0,6.5,435.5279956082615,282.4891625626892,5,2,hypoxia 3.5 days,2,2_5_2,0.29114313751503873
78,27.0,6.75,590.7557886969594,209.8727308452091,5,2,hypoxia 3.5 days,1,1_5_2,0.2726767826341438
79,27.0,6.75,424.0577070811787,306.42715601051424,5,2,hypoxia 3.5 days,2,2_5_2,0.29114313751503873
84,27.0,6.75,641.1322156700483,716.694124069498,5,2,hypoxia 3.5 days,4,4_5_2,0.29965889141461216
96,28.0,7.0,444.5047566426898,284.7581780345866,5,2,hypoxia 3.5 days,2,2_5_2,0.29114313751503873
98,28.0,7.0,932.8450479428438,584.2128293465979,5,2,hypoxia 3.5 days,3,3_5_2,0.289277135473467
101,28.0,7.0,572.326737693814,201.81002103133304,5,2,hypoxia 3.5 days,1,1_5_2,0.2726767826341438
107,29.0,7.25,426.45626246822167,280.8203247601572,5,2,hypoxia 3.5 days,2,2_5_2,0.29114313751503873
132,33.0,8.25,927.085969504361,593.4273548481706,5,2,hypoxia 3.5 days,3,3_5_2,0.289277135473467
138,37.0,9.25,686.4407929738061,708.1987658250434,5,2,hypoxia 3.5 days,4,4_5_2,0.29965889141461216
139,37.0,9.25,678.3499755981351,707.3896840874763,5,2,hypoxia 3.5 days,4,4_5_2,0.29965889141461216
10,21.0,5.25,933.9968636305404,32.49311493993565,6,2,hypoxia 3.5 days,9,9_6_2,0.24771537171623206
17,22.0,5.5,340.8117844668014,911.3284846524268,6,2,hypoxia 3.5 days,2,2_6_2,0.2716196591228897
19,22.0,5.5,557.3531337537585,583.0610136589013,6,2,hypoxia 3.5 days,4,4_6_2,0.2770986512145087
22,22.0,5.5,331.5972589652287,911.3284846524268,6,2,hypoxia 3.5 days,2,2_6_2,0.2716196591228897
38,23.0,5.75,893.6833145611602,1100.226257434666,6,2,hypoxia 3.5 days,7,7_6_2,0.22710450824717396
62,26.0,6.5,348.8744942806774,884.8367238354055,6,2,hypoxia 3.5 days,2,2_6_2,0.2716196591228897
65,26.0,6.5,778.501745791502,1195.8269595134825,6,2,hypoxia 3.5 days,5,5_6_2,0.25595084063920515
67,26.0,6.5,361.5444668453399,897.5066964000679,6,2,hypoxia 3.5 days,2,2_6_2,0.2716196591228897
70,26.0,6.5,332.74907465292534,887.1403552107987,6,2,hypoxia 3.5 days,2,2_6_2,0.2716196591228897
80,27.0,6.75,780.8053771668953,1178.5497241980338,6,2,hypoxia 3.5 days,5,5_6_2,0.25595084063920515
92,28.0,7.0,117.35954105366471,697.0907667408628,6,2,hypoxia 3.5 days,10,10_6_2,0.2878756473581488
94,28.0,7.0,121.96680380445102,683.2689784885039,6,2,hypoxia 3.5 days,10,10_6_2,0.2878756473581488
106,29.0,7.25,775.0462987284124,352.6978761195851,6,2,hypoxia 3.5 days,6,6_6_2,0.2949225560901574
117,30.0,7.5,559.6567651291517,601.4900646620466,6,2,hypoxia 3.5 days,4,4_6_2,0.2770986512145087
121,30.0,7.5,905.201471438126,330.8133780533501,6,2,hypoxia 3.5 days,8,8_6_2,0.2908074898717617
128,31.0,7.75,212.9602431324809,1108.288967248542,6,2,hypoxia 3.5 days,1,1_6_2,0.2528112733907773
137,36.0,9.0,765.8317732268397,357.3051388703715,6,2,hypoxia 3.5 days,6,6_6_2,0.2949225560901574
147,39.0,9.75,202.59390194321168,1127.869833939384,6,2,hypoxia 3.5 days,1,1_6_2,0.2528112733907773
14,21.0,5.25,836.0925301763311,775.4142335042303,7,2,hypoxia 3.5 days,5,5_7_2,0.28183422744957226
66,26.0,6.5,339.6599687791048,921.694825841696,7,2,hypoxia 3.5 days,1,1_7_2,0.2716429063973923
95,28.0,7.0,769.2872202899295,539.2920175264312,7,2,hypoxia 3.5 days,4,4_7_2,0.2609159073135968
126,31.0,7.75,846.4588713656003,774.2624178165337,7,2,hypoxia 3.5 days,5,5_7_2,0.28183422744957226
27,22.0,5.5,240.5994250824588,421.1825702137448,8,2,hypoxia 3.5 days,1,1_8_2,0.2697381164742993
28,22.0,5.5,374.3331421846853,583.49186789337,8,2,hypoxia 3.5 days,4,4_8_2,0.28133464411986675
30,22.0,5.5,125.15407954976762,196.00699526384204,8,2,hypoxia 3.5 days,2,2_8_2,0.2519387975055486
39,23.0,5.75,948.1308001788536,912.6825561450044,8,2,hypoxia 3.5 days,3,3_8_2,0.2703308922606514
64,26.0,6.5,367.4750028461096,592.6360536781376,8,2,hypoxia 3.5 days,4,4_8_2,0.28133464411986675
108,29.0,7.25,128.58314921905549,174.28955402501896,8,2,hypoxia 3.5 days,2,2_8_2,0.2519387975055486
42,24.0,6.0,531.8654483968943,246.649918361534,9,2,hypoxia 3.5 days,1,1_9_2,0.3154125438197971
56,25.0,6.25,529.3983593193909,262.0692250959299,9,2,hypoxia 3.5 days,1,1_9_2,0.3154125438197971
68,26.0,6.5,149.19993832030093,700.8087281243785,9,2,hypoxia 3.5 days,2,2_9_2,0.27821969993428913
88,27.0,6.75,155.76125665682628,687.6860914513279,9,2,hypoxia 3.5 days,2,2_9_2,0.27821969993428913
89,27.0,6.75,712.7568493401917,696.5629810074827,9,2,hypoxia 3.5 days,3,3_9_2,0.30351119845485897
90,27.0,6.75,722.2627731140202,695.0620456747729,9,2,hypoxia 3.5 days,3,3_9_2,0.30351119845485897
123,31.0,7.75,721.2828583068192,691.4379470344588,9,2,hypoxia 3.5 days,3,3_9_2,0.30351119845485897
130,32.0,8.0,536.1828542825252,289.8239772178425,9,2,hypoxia 3.5 days,1,1_9_2,0.3154125438197971
141,37.0,9.25,529.3983593193909,279.3388486384533,9,2,hypoxia 3.5 days,1,1_9_2,0.3154125438197971
177,51.0,12.75,973.1585970122242,346.362889837254,10,2,hypoxia 3.5 days,3,3_10_2,0.22483870541134734
179,51.0,12.75,264.79194907882703,1078.9176672122796,10,2,hypoxia 3.5 days,11,11_10_2,0.27584391879441833
183,52.0,13.0,400.7062002270236,989.0760435719462,10,2,hypoxia 3.5 days,10,10_10_2,0.3006060920435413
192,56.0,14.0,783.1090085422884,226.5740583168096,10,2,hypoxia 3.5 days,5,5_10_2,0.31696908119713585
195,57.0,14.25,684.0528594003824,652.7458627645444,10,2,hypoxia 3.5 days,8,8_10_2,0.2910711714172285
200,57.0,14.25,747.4027222236944,992.5314906350358,10,2,hypoxia 3.5 days,6,6_10_2,0.2855176596671264
206,59.0,14.75,954.7295460090792,334.8447329602882,10,2,hypoxia 3.5 days,3,3_10_2,0.22483870541134734
212,62.0,15.5,837.2443458640278,346.362889837254,10,2,hypoxia 3.5 days,4,4_10_2,0.27560445207487994
215,63.0,15.75,252.12197651416463,1096.1949025277283,10,2,hypoxia 3.5 days,11,11_10_2,0.27584391879441833
216,63.0,15.75,673.6865182111133,653.897678452241,10,2,hypoxia 3.5 days,8,8_10_2,0.2910711714172285
218,64.0,16.0,246.36289807568176,1077.765851524583,10,2,hypoxia 3.5 days,11,11_10_2,0.27584391879441833
221,65.0,16.25,773.8944830407158,215.05590143984367,10,2,hypoxia 3.5 days,5,5_10_2,0.31696908119713585
224,66.0,16.5,939.7559420690234,295.6829995786044,10,2,hypoxia 3.5 days,3,3_10_2,0.22483870541134734
226,67.0,16.75,716.3036986558868,511.072533177865,10,2,hypoxia 3.5 days,7,7_10_2,0.2502221814098663
254,102.0,25.5,41.33970566569037,1077.765851524583,10,2,hypoxia 3.5 days,1,1_10_2,0.17131604499031008
149,41.0,10.25,384.5807805992714,862.3763179253222,11,2,hypoxia 5 days,11,11_11_2,0.229670295384052
153,42.0,10.5,381.1253335361816,1077.7658515245828,11,2,hypoxia 5 days,9,9_11_2,0.18490123815046003
155,44.0,11.0,378.8217021607885,936.0925219379031,11,2,hypoxia 5 days,10,10_11_2,0.17056286465771112
161,47.0,11.75,909.8087341889122,769.0792472218991,11,2,hypoxia 5 days,3,3_11_2,0.25550301001154213
163,47.0,11.75,745.0990908483013,840.4918198590872,11,2,hypoxia 5 days,4,4_11_2,0.26073263882563524
165,47.0,11.75,401.85801591472017,752.953827594147,11,2,hypoxia 5 days,8,8_11_2,0.2506503920311992
174,50.0,12.5,116.20772536596812,384.3728075312411,11,2,hypoxia 5 days,2,2_11_2,0.28298537468456664
198,57.0,14.25,868.3433694318353,746.0429334679675,11,2,hypoxia 5 days,3,3_11_2,0.25550301001154213
199,57.0,14.25,506.673243495109,898.0826042439162,11,2,hypoxia 5 days,6,6_11_2,0.2518963126391548
204,58.0,14.5,377.669886473092,865.8317649884118,11,2,hypoxia 5 days,11,11_11_2,0.229670295384052
211,62.0,15.5,199.138454880122,228.87768969220275,11,2,hypoxia 5 days,1,1_11_2,0.11915190051802452
217,63.0,15.75,224.4784000094467,391.28370165742064,11,2,hypoxia 5 days,12,12_11_2,0.1769475592967053
225,66.0,16.5,66.67965079501514,364.79194084039926,11,2,hypoxia 5 days,2,2_11_2,0.28298537468456664
229,71.0,17.75,78.19780767198094,339.4519957110745,11,2,hypoxia 5 days,2,2_11_2,0.28298537468456664
236,76.0,19.0,862.5842909933524,702.2739373354975,11,2,hypoxia 5 days,3,3_11_2,0.25550301001154213
251,92.0,23.0,50.554231167263,291.07573682781805,11,2,hypoxia 5 days,2,2_11_2,0.28298537468456664
157,44.0,11.0,120.81498811675442,852.0099767360529,12,2,hypoxia 5 days,8,8_12_2,0.31040663661949625
158,44.0,11.0,256.729239264951,742.5874864048777,12,2,hypoxia 5 days,3,3_12_2,0.2722628886420943
164,47.0,11.75,95.47504298742965,823.2145845436384,12,2,hypoxia 5 days,8,8_12_2,0.31040663661949625
175,50.0,12.5,528.557741561344,488.0362194239336,12,2,hypoxia 5 days,6,6_12_2,0.2813492781177302
178,51.0,12.75,203.74571763090825,1084.6767456507623,12,2,hypoxia 5 days,2,2_12_2,0.277523478726703
186,54.0,13.5,88.56414886125017,816.3036904174588,12,2,hypoxia 5 days,8,8_12_2,0.31040663661949625
196,57.0,14.25,384.58078059927146,926.8779964363306,12,2,hypoxia 5 days,4,4_12_2,0.2592662288853961
197,57.0,14.25,134.6367763691134,699.9703059601043,12,2,hypoxia 5 days,8,8_12_2,0.31040663661949625
201,58.0,14.5,427.1979610440449,924.5743650609376,12,2,hypoxia 5 days,4,4_12_2,0.2592662288853961
203,58.0,14.5,212.9602431324809,1055.8813534583478,12,2,hypoxia 5 days,2,2_12_2,0.277523478726703
207,60.0,15.0,951.2740989459892,869.2872120515017,12,2,hypoxia 5 days,7,7_12_2,0.28159611829248055
222,65.0,16.25,72.43872923349804,714.9439099001598,12,2,hypoxia 5 days,8,8_12_2,0.31040663661949625
223,66.0,16.5,390.3398590377544,901.538051307006,12,2,hypoxia 5 days,4,4_12_2,0.2592662288853961
146,39.0,9.75,752.8646496608069,1069.5372732550932,13,2,hypoxia 5 days,8,8_13_2,0.2793116932328964
151,41.0,10.25,736.3247546898087,1070.6399329198264,13,2,hypoxia 5 days,8,8_13_2,0.2793116932328964
167,48.0,12.0,344.88057370951964,832.4654453374533,13,2,hypoxia 5 days,3,3_13_2,0.28359595298415785
168,48.0,12.0,601.8002755923573,417.8654113977669,13,2,hypoxia 5 days,5,5_13_2,0.28848106109937616
169,48.0,12.0,370.24174599838346,853.4159789673843,13,2,hypoxia 5 days,3,3_13_2,0.28359595298415785
170,48.0,12.0,354.8045106921185,821.4388486901212,13,2,hypoxia 5 days,3,3_13_2,0.28359595298415785
194,57.0,14.25,586.3630402860924,366.040407155306,13,2,hypoxia 5 days,5,5_13_2,0.28848106109937616
213,62.0,15.5,544.4619730262305,636.1920250149421,13,2,hypoxia 5 days,15,15_13_2,0.28166026132320343
227,68.0,17.0,664.6518764821502,303.1888062655132,13,2,hypoxia 5 days,6,6_13_2,0.18021092241133654
230,71.0,17.75,360.3178090157846,820.336189025388,13,2,hypoxia 5 days,3,3_13_2,0.28359595298415785
233,74.0,18.5,308.49280477332377,796.0776764012575,13,2,hypoxia 5 days,3,3_13_2,0.28359595298415785
240,78.0,19.5,828.9481665273983,628.4734073618097,13,2,hypoxia 5 days,16,16_13_2,0.29430906819633484
150,41.0,10.25,352.5991913626521,1086.077168226091,14,2,hypoxia 5 days,1,1_14_2,0.24428540178707556
171,48.0,12.0,278.7209938255272,922.8835378455764,14,2,hypoxia 5 days,15,15_14_2,0.2535101664657319
176,50.0,12.5,291.9529098023256,1025.4308866657648,14,2,hypoxia 5 days,1,1_14_2,0.24428540178707556
182,52.0,13.0,314.0061030969898,925.0888571750428,14,2,hypoxia 5 days,15,15_14_2,0.2535101664657319
184,53.0,13.25,709.8609227362117,866.6478949441828,14,2,hypoxia 5 days,4,4_14_2,0.3691029435407285
210,61.0,15.25,304.08216611439093,628.4734073618097,14,2,hypoxia 5 days,2,2_14_2,0.28010830987166324
219,64.0,16.0,283.13163248445994,991.2484370590352,14,2,hypoxia 5 days,1,1_14_2,0.24428540178707556
235,74.0,18.5,693.3210277652137,806.0016133838562,14,2,hypoxia 5 days,4,4_14_2,0.3691029435407285
188,55.0,13.75,291.28370989584835,773.6865099726855,15,2,hypoxia 5 days,1,1_15_2,0.30795156549684644
208,60.0,15.0,286.676447145062,778.2937727234718,15,2,hypoxia 5 days,1,1_15_2,0.30795156549684644
244,82.0,20.5,436.4124865456176,602.0659725058949,15,2,hypoxia 5 days,3,3_15_2,0.13914427816312971
144,38.0,9.5,278.613737331186,918.8152866224548,16,2,hypoxia 5 days,6,6_16_2,0.2662584177464417
180,52.0,13.0,241.7556353248954,872.7426591145914,16,2,hypoxia 5 days,6,6_16_2,0.2662584177464417
205,58.0,14.5,255.5774235772544,824.366400231335,16,2,hypoxia 5 days,6,6_16_2,0.2662584177464417
228,69.0,17.25,618.3993652016773,792.1155609758308,16,2,hypoxia 5 days,4,4_16_2,0.3333405293914989
189,55.0,13.75,543.5313455013995,247.306740695348,17,2,hypoxia 5 days,5,5_17_2,0.29375279140152016
185,53.0,13.25,481.3332983657842,1097.3467182154243,18,2,hypoxia 5 days,4,4_18_2,0.25933491372706075
187,54.0,13.5,798.0826124823441,710.3366471493734,18,2,hypoxia 5 days,6,6_18_2,0.2790253926647622
166,48.0,12.0,291.28370989584835,1074.310404461493,19,2,hypoxia 5 days,2,2_19_2,0.30131268298731806
172,48.0,12.0,238.3001882618057,1084.6767456507623,19,2,hypoxia 5 days,2,2_19_2,0.30131268298731806
231,72.0,18.0,574.6303690692073,562.9042391242111,19,2,hypoxia 5 days,5,5_19_2,0.10643065816195371
232,73.0,18.25,177.25395681388687,415.4718310990488,19,2,hypoxia 5 days,8,8_19_2,0.27308966132440204
234,74.0,18.5,867.1915537441389,484.5807723608437,19,2,hypoxia 5 days,6,6_19_2,0.5888925094256197
239,77.0,19.25,174.9503254384937,426.9899879760146,19,2,hypoxia 5 days,8,8_19_2,0.27308966132440204
242,81.0,20.25,506.673243495109,568.663317562694,19,2,hypoxia 5 days,4,4_19_2,0.2881762859907878
253,100.0,25.0,489.3960081796603,535.2606626194932,19,2,hypoxia 5 days,4,4_19_2,0.2881762859907878
255,106.0,26.5,930.5414165674508,438.5081448529804,19,2,hypoxia 5 days,6,6_19_2,0.5888925094256197
